code,system
19878,gprdproduct
16160,gprdproduct
36430,gprdproduct
14362,gprdproduct
7793,gprdproduct
31258,gprdproduct
8118,gprdproduct
10910,gprdproduct
35701,gprdproduct
10264,gprdproduct
44378,gprdproduct
17809,gprdproduct
19877,gprdproduct
9565,gprdproduct
22155,gprdproduct
10229,gprdproduct
25812,gprdproduct
10915,gprdproduct
41120,gprdproduct
23099,gprdproduct
7300,gprdproduct
4706,gprdproduct
35260,gprdproduct
1843,gprdproduct
1595,gprdproduct
17731,gprdproduct
3439,gprdproduct
4715,gprdproduct
7228,gprdproduct
9737,gprdproduct
2454,gprdproduct
7267,gprdproduct
1806,gprdproduct
2221,gprdproduct
1649,gprdproduct
14928,gprdproduct
1842,gprdproduct
3551,gprdproduct
22058,gprdproduct
9618,gprdproduct
33966,gprdproduct
3396,gprdproduct
10887,gprdproduct
39006,gprdproduct
10208,gprdproduct
4163,gprdproduct
13277,gprdproduct
2456,gprdproduct
7231,gprdproduct
12299,gprdproduct
2812,gprdproduct
2929,gprdproduct
39086,gprdproduct
1593,gprdproduct
1805,gprdproduct
5255,gprdproduct
20995,gprdproduct
5891,gprdproduct
3550,gprdproduct
10245,gprdproduct
42395,gprdproduct
27614,gprdproduct
2455,gprdproduct
36513,gprdproduct
10243,gprdproduct
1886,gprdproduct
10001,gprdproduct
2459,gprdproduct
5845,gprdproduct
4790,gprdproduct
8203,gprdproduct
12818,gprdproduct
2220,gprdproduct
7319,gprdproduct
1844,gprdproduct
6061,gprdproduct
18593,gprdproduct
21347,gprdproduct
10244,gprdproduct
6958,gprdproduct
10484,gprdproduct
26403,gprdproduct
14270,gprdproduct
24800,gprdproduct
4784,gprdproduct
6965,gprdproduct
5933,gprdproduct
14290,gprdproduct
18590,gprdproduct
15484,gprdproduct
36066,gprdproduct
36356,gprdproduct
36355,gprdproduct
18931,gprdproduct
9376,gprdproduct
14944,gprdproduct
4093,gprdproduct
4760,gprdproduct
4198,gprdproduct
14357,gprdproduct
11107,gprdproduct
21235,gprdproduct
1840,gprdproduct
4199,gprdproduct
8841,gprdproduct
14918,gprdproduct
10277,gprdproduct
7537,gprdproduct
19513,gprdproduct
30686,gprdproduct
14619,gprdproduct
7350,gprdproduct
27280,gprdproduct
4247,gprdproduct
36031,gprdproduct
25479,gprdproduct
14938,gprdproduct
10572,gprdproduct
26621,gprdproduct
27396,gprdproduct
12638,gprdproduct
18592,gprdproduct
12654,gprdproduct
27402,gprdproduct
16129,gprdproduct
4129,gprdproduct
15710,gprdproduct
13819,gprdproduct
14933,gprdproduct
28588,gprdproduct
28183,gprdproduct
14340,gprdproduct
6447,gprdproduct
29567,gprdproduct
16142,gprdproduct
24795,gprdproduct
10067,gprdproduct
33167,gprdproduct
14649,gprdproduct
9341,gprdproduct
21422,gprdproduct
11055,gprdproduct
36194,gprdproduct
21395,gprdproduct
42954,gprdproduct
21232,gprdproduct
28096,gprdproduct
25735,gprdproduct
21110,gprdproduct
11056,gprdproduct
13416,gprdproduct
21374,gprdproduct
14644,gprdproduct
25736,gprdproduct
29837,gprdproduct
13837,gprdproduct
16152,gprdproduct
22697,gprdproduct
33232,gprdproduct
10547,gprdproduct
12035,gprdproduct
17712,gprdproduct
26498,gprdproduct
8322,gprdproduct
18461,gprdproduct
44251,gprdproduct
16700,gprdproduct
5501,gprdproduct
27461,gprdproduct
23992,gprdproduct
35468,gprdproduct
1592,gprdproduct
7349,gprdproduct
46666,gprdproduct
1588,gprdproduct
5892,gprdproduct
9521,gprdproduct
22945,gprdproduct
5021,gprdproduct
1594,gprdproduct
14345,gprdproduct
11337,gprdproduct
21583,gprdproduct
36920,gprdproduct
30209,gprdproduct
6209,gprdproduct
19491,gprdproduct
22983,gprdproduct
23993,gprdproduct
46001,gprdproduct
36853,gprdproduct
44480,gprdproduct
34097,gprdproduct
8895,gprdproduct
31465,gprdproduct
31467,gprdproduct
14313,gprdproduct
26060,gprdproduct
36146,gprdproduct
43953,gprdproduct
27177,gprdproduct
5250,gprdproduct
5214,gprdproduct
28185,gprdproduct
13729,gprdproduct
11080,gprdproduct
15961,gprdproduct
10175,gprdproduct
14925,gprdproduct
30236,gprdproduct
20422,gprdproduct
15199,gprdproduct
24002,gprdproduct
21554,gprdproduct
24993,gprdproduct
35253,gprdproduct
45158,gprdproduct
24593,gprdproduct
14339,gprdproduct
23231,gprdproduct
26098,gprdproduct
14930,gprdproduct
13516,gprdproduct
24846,gprdproduct
12297,gprdproduct
13622,gprdproduct
7400,gprdproduct
10259,gprdproduct
7393,gprdproduct
5953,gprdproduct
30819,gprdproduct
31205,gprdproduct
25133,gprdproduct
7402,gprdproduct
6057,gprdproduct
7266,gprdproduct
7237,gprdproduct
7318,gprdproduct
322,gprdproduct
18224,gprdproduct
16682,gprdproduct
41834,gprdproduct
47360,gprdproduct
38422,gprdproduct
17336,gprdproduct
41959,gprdproduct
14301,gprdproduct
14330,gprdproduct
10184,gprdproduct
43950,gprdproduct
38986,gprdproduct
43991,gprdproduct
7771,gprdproduct
7772,gprdproduct
28101,gprdproduct
21590,gprdproduct
28442,gprdproduct
14299,gprdproduct
10207,gprdproduct
29953,gprdproduct
10225,gprdproduct
9503,gprdproduct
14505,gprdproduct
34031,gprdproduct
1587,gprdproduct